<!--
  ~ Hibernate, Relational Persistence for Idiomatic Java
  ~
  ~ Copyright (c) 2012, Red Hat, Inc. and/or its affiliates or third-party contributors as
  ~ indicated by the @author tags or express copyright attribution
  ~ statements applied by the authors.  All third-party contributions are
  ~ distributed under license by Red Hat, Inc.
  ~
  ~ This copyrighted material is made available to anyone wishing to use, modify,
  ~ copy, or redistribute it subject to the terms and conditions of the GNU
  ~ Lesser General Public License, as published by the Free Software Foundation.
  ~
  ~ This program is distributed in the hope that it will be useful,
  ~ but WITHOUT ANY WARRANTY; without even the implied warranty of MERCHANTABILITY
  ~ or FITNESS FOR A PARTICULAR PURPOSE.  See the GNU Lesser General Public License
  ~ for more details.
  ~
  ~ You should have received a copy of the GNU Lesser General Public License
  ~ along with this distribution; if not, write to:
  ~ Free Software Foundation, Inc.
  ~ 51 Franklin Street, Fifth Floor
  ~ Boston, MA  02110-1301  USA
  -->
<module xmlns="urn:jboss:module:1.1" name="org.apache.lucene" slot="${luceneVersion}">
    <resources>
        <resource-root path="lucene-core-${luceneVersion}.jar" />
        <resource-root path="lucene-core-${luceneVersion}.jar" />
        <resource-root path="lucene-analyzers-${luceneVersion}.jar" />
        <resource-root path="lucene-highlighter-${luceneVersion}.jar" />
        <resource-root path="lucene-memory-${luceneVersion}.jar" />
        <resource-root path="lucene-kuromoji-${luceneVersion}.jar" />
        <resource-root path="lucene-misc-${luceneVersion}.jar" />
        <resource-root path="lucene-phonetic-${luceneVersion}.jar" />
        <resource-root path="lucene-spatial-${luceneVersion}.jar" />
        <resource-root path="lucene-spellchecker-${luceneVersion}.jar" />
        <resource-root path="lucene-grouping-${luceneVersion}.jar" />
        <resource-root path="lucene-smartcn-${luceneVersion}.jar" />
        <resource-root path="lucene-stempel-${luceneVersion}.jar" />
        <resource-root path="lucene-facet-${luceneVersion}.jar" />

        <resource-root path="lucene-regex-${luceneRegexVersion}.jar" />
        <resource-root path="jakarta-regexp-${luceneRegexJakartaVersion}.jar" />
    </resources>
    <dependencies>
        <module name="javax.api" optional="true" />
    </dependencies>
</module>
