<?xml version='1.0' encoding='UTF-8' ?>
<!--
  ~ Hibernate, Relational Persistence for Idiomatic Java
  ~
  ~ Copyright (c) 2009, Red Hat Middleware LLC or third-party contributors as
  ~ indicated by the @author tags or express copyright attribution
  ~ statements applied by the authors.  All third-party contributions are
  ~ distributed under license by Red Hat Middleware LLC.
  ~
  ~ This copyrighted material is made available to anyone wishing to use, modify,
  ~ copy, or redistribute it subject to the terms and conditions of the GNU
  ~ Lesser General Public License, as published by the Free Software Foundation.
  ~
  ~ This program is distributed in the hope that it will be useful,
  ~ but WITHOUT ANY WARRANTY; without even the implied warranty of MERCHANTABILITY
  ~ or FITNESS FOR A PARTICULAR PURPOSE.  See the GNU Lesser General Public License
  ~ for more details.
  ~
  ~ You should have received a copy of the GNU Lesser General Public License
  ~ along with this distribution; if not, write to:
  ~ Free Software Foundation, Inc.
  ~ 51 Franklin Street, Fifth Floor
  ~ Boston, MA  02110-1301  USA
  -->
<!DOCTYPE authorgroup PUBLIC "-//OASIS//DTD DocBook XML V4.5//EN" "http://www.oasis-open.org/docbook/xml/4.5/docbookx.dtd" [
]>
<authorgroup>
   <author>
      <firstname>Emmanuel</firstname>
      <surname>Bernard</surname>
   </author>
   <author>
      <firstname>Hardy</firstname>
      <surname>Ferentschik</surname>
   </author>
   <author>
      <firstname>Gustavo</firstname>
      <surname>Fernandes</surname>
   </author>
   <author>
      <firstname>Sanne</firstname>
      <surname>Grinovero</surname>
   </author>
   <author>
      <firstname>Nabeel Ali</firstname>
      <surname>Memon</surname>
   </author>
   <author>
      <firstname>Gunnar</firstname>
      <surname>Morling</surname>
   </author>

    <!--
        #######################################################################
        # Chinese
        #######################################################################
    -->
    <!-- As exmaple -->
    <!--
    <othercredit class="translator" lang="zh-CN">
        <firstname>Cao</firstname>
        <surname>Xiaogang</surname>
        <affiliation>
            <orgname>RedSaga</orgname>
        </affiliation>
        <contrib>Translation Lead</contrib>
        <email>caoxg@yahoo.com</email>
    </othercredit>
    -->
</authorgroup>
