<!--
  ~ Hibernate, Relational Persistence for Idiomatic Java
  ~
  ~ Copyright (c) 2012, Red Hat, Inc. and/or its affiliates or third-party contributors as
  ~ indicated by the @author tags or express copyright attribution
  ~ statements applied by the authors.  All third-party contributions are
  ~ distributed under license by Red Hat, Inc.
  ~
  ~ This copyrighted material is made available to anyone wishing to use, modify,
  ~ copy, or redistribute it subject to the terms and conditions of the GNU
  ~ Lesser General Public License, as published by the Free Software Foundation.
  ~
  ~ This program is distributed in the hope that it will be useful,
  ~ but WITHOUT ANY WARRANTY; without even the implied warranty of MERCHANTABILITY
  ~ or FITNESS FOR A PARTICULAR PURPOSE.  See the GNU Lesser General Public License
  ~ for more details.
  ~
  ~ You should have received a copy of the GNU Lesser General Public License
  ~ along with this distribution; if not, write to:
  ~ Free Software Foundation, Inc.
  ~ 51 Franklin Street, Fifth Floor
  ~ Boston, MA  02110-1301  USA
  -->
<assembly>
    <id>wildfly-8-dist</id>
    <formats>
        <format>zip</format>
    </formats>
    <includeBaseDirectory>false</includeBaseDirectory>
    <baseDirectory>/</baseDirectory>

    <files>
        <file>
            <source>${module.xml.basedir}/lucene/module.xml</source>
            <outputDirectory>/org/apache/lucene/${luceneVersion}</outputDirectory>
            <filtered>true</filtered>
        </file>
        <file>
            <source>${module.xml.basedir}/solr/module.xml</source>
            <outputDirectory>/org/apache/solr/${luceneVersion}</outputDirectory>
            <filtered>true</filtered>
        </file>
        <file>
            <source>${module.xml.basedir}/search/engine/module.xml</source>
            <outputDirectory>/org/hibernate/search/engine/${hibernate.search.module.slot}</outputDirectory>
            <filtered>true</filtered>
        </file>
        <file>
            <source>${module.xml.basedir}/search/orm/module.xml</source>
            <outputDirectory>/org/hibernate/search/orm/${hibernate.search.module.slot}</outputDirectory>
            <filtered>true</filtered>
        </file>
        <file>
            <source>${module.xml.basedir}/infinispan/lucene-directory/module.xml</source>
            <outputDirectory>/org/infinispan/lucene-directory/${infinispanVersion}</outputDirectory>
            <filtered>true</filtered>
        </file>
    </files>

    <dependencySets>
        <dependencySet>
            <useProjectArtifact>false</useProjectArtifact>
            <outputDirectory>org/hibernate/search/engine/${hibernate.search.module.slot}</outputDirectory>
            <useTransitiveFiltering>true</useTransitiveFiltering>
            <unpack>false</unpack>
            <includes>
                <include>org.hibernate:hibernate-search-engine</include>
                <include>org.hibernate:hibernate-search-analyzer</include>
                <include>org.hibernate:hibernate-search-infinispan</include>
            </includes>
            <excludes>
                <exclude>org.apache.lucene:*</exclude>
                <exclude>org.apache.solr:*</exclude>
                <exclude>org.hibernate.common:*</exclude>
                <exclude>org.slf4j:slf4j-api:*</exclude>
                <exclude>org.jboss.logging:*</exclude>
                <exclude>org.jboss.spec.javax.transaction:*</exclude>
                <exclude>org.jgroups:jgroups</exclude>
                <exclude>org.infinispan:*</exclude>
                <exclude>org.apache.commons:*</exclude>
            </excludes>
        </dependencySet>

        <dependencySet>
            <useProjectArtifact>false</useProjectArtifact>
            <outputDirectory>org/hibernate/search/orm/${hibernate.search.module.slot}</outputDirectory>
            <useTransitiveFiltering>false</useTransitiveFiltering>
            <unpack>false</unpack>
            <includes>
                <include>org.hibernate:hibernate-search-orm</include>
            </includes>
        </dependencySet>

        <dependencySet>
            <useProjectArtifact>false</useProjectArtifact>
            <outputDirectory>org/infinispan/lucene-directory/${infinispanVersion}</outputDirectory>
            <useTransitiveFiltering>false</useTransitiveFiltering>
            <unpack>false</unpack>
            <includes>
                <include>org.infinispan:infinispan-lucene-directory</include>
            </includes>
        </dependencySet>

        <dependencySet>
            <useProjectArtifact>false</useProjectArtifact>
            <outputDirectory>org/apache/lucene/${luceneVersion}</outputDirectory>
            <useTransitiveFiltering>false</useTransitiveFiltering>
            <unpack>false</unpack>
            <includes>
                <include>org.apache.lucene:*</include>
                <include>jakarta-regexp:jakarta-regexp:*</include>
            </includes>
        </dependencySet>

        <dependencySet>
            <useProjectArtifact>false</useProjectArtifact>
            <outputDirectory>org/apache/solr/${luceneVersion}</outputDirectory>
            <useTransitiveFiltering>true</useTransitiveFiltering>
            <unpack>false</unpack>
            <includes>
                <include>org.apache.solr:*</include>
            </includes>
            <excludes>
                <exclude>org.apache.lucene:*</exclude>
            </excludes>
        </dependencySet>
    </dependencySets>
</assembly>
